{"cameraMode":{"drawMode":0,"name":"Shaded","section":"Shading Mode"},"sceneLighting":true,"audioPlay":false,"sceneViewState":{"showFog":true,"showMaterialUpdate":false,"showSkybox":true,"showFlares":true,"showImageEffects":true,"showParticleSystems":true},"in2DMode":false,"pivot":{"x":-5.910700798034668,"y":-12.082898139953614,"z":-6.159095287322998},"rotation":{"x":-0.1422877311706543,"y":0.8236672878265381,"z":-0.23715457320213319,"w":-0.49518853425979617},"size":60.83696746826172,"orthographic":false}